{"actual_room": "c203", "ar_ins": {"name": "c203", "desc_id": 618, "displayed": "c203", "aliases": ["c203", "c20"], "is_locked": false, "reachable_rooms": ["schody"], "items": ["propiska"], "ts_locked": false}, "all_rooms": [{"name": "c203", "desc_id": 618, "displayed": "c203", "aliases": ["c203", "c20"], "is_locked": false, "reachable_rooms": ["schody"], "items": ["propiska"], "ts_locked": false}, {"name": "vestibul", "desc_id": 610, "displayed": "vestibul", "aliases": ["vestibul", "ves"], "is_locked": false, "reachable_rooms": ["satna", "acko", "becko", "schody"], "items": ["zrcadlo"], "ts_locked": false}, {"name": "satna", "desc_id": 611, "displayed": "satna", "aliases": ["satna", "sat"], "is_locked": false, "reachable_rooms": ["vestibul"], "items": ["prezuvky"], "ts_locked": false}, {"name": "acko", "desc_id": 613, "displayed": "acko", "aliases": ["acko", "ack"], "is_locked": true, "reachable_rooms": ["vestibul", "sekretariat"], "items": [], "ts_locked": true}, {"name": "becko", "desc_id": 614, "displayed": "becko", "aliases": ["becko", "bec"], "is_locked": false, "reachable_rooms": ["vestibul", "bufet", "knihovna", "studovna"], "items": [], "ts_locked": false}, {"name": "bufet", "desc_id": 621, "displayed": "bufet", "aliases": ["bufet", "buf"], "is_locked": false, "reachable_rooms": ["becko"], "items": ["klice"], "ts_locked": false}, {"name": "knihovna", "desc_id": 615, "displayed": "knihovna", "aliases": ["knihovna", "kni"], "is_locked": false, "reachable_rooms": ["becko"], "items": ["petakova"], "ts_locked": false}, {"name": "studovna", "desc_id": 616, "displayed": "studovna", "aliases": ["studovna", "stu"], "is_locked": false, "reachable_rooms": ["becko"], "items": ["dvoutisicovka"], "ts_locked": false}, {"name": "schody", "desc_id": 619, "displayed": "schody", "aliases": ["schody", "sch"], "is_locked": false, "reachable_rooms": ["c203", "vestibul", "kabinet"], "items": [], "ts_locked": false}, {"name": "kabinet", "desc_id": 620, "displayed": "kabinet", "aliases": ["kabinet", "kab"], "is_locked": true, "reachable_rooms": ["schody"], "items": ["pisemka"], "ts_locked": false}, {"name": "sekretariat", "desc_id": 622, "displayed": "sekretariat", "aliases": ["sekretariat", "sek"], "is_locked": false, "reachable_rooms": ["acko"], "items": [], "ts_locked": false}], "all_items": [{"name": "isic", "desc_id": 702, "aliases": ["isic", "isi"], "available": true, "ts_available": false, "ts_usable": false, "hidden": false, "predefined": true, "static": false, "usable_in": ["bufet"], "usable_with": []}, {"name": "propiska", "desc_id": 704, "aliases": ["propiska", "pro"], "available": true, "ts_available": false, "ts_usable": false, "hidden": true, "predefined": true, "static": false, "usable_in": ["kabinet"], "usable_with": ["pisemka"]}, {"name": "zrcadlo", "desc_id": 703, "aliases": ["zrcadlo", "zrc"], "available": true, "ts_available": false, "ts_usable": false, "hidden": true, "predefined": false, "static": true, "usable_in": [], "usable_with": []}, {"name": "klice", "desc_id": 705, "aliases": ["klice", "kli"], "available": false, "ts_available": true, "ts_usable": false, "hidden": true, "predefined": true, "static": false, "usable_in": ["schody"], "usable_with": []}, {"name": "pisemka", "desc_id": 706, "aliases": ["pisemka", "pis"], "available": true, "ts_available": false, "ts_usable": true, "hidden": true, "predefined": true, "static": false, "usable_in": ["kabinet"], "usable_with": ["propiska"]}, {"name": "petakova", "desc_id": 707, "aliases": ["petakova", "pet"], "available": true, "ts_available": false, "ts_usable": false, "hidden": false, "predefined": true, "static": false, "usable_in": ["bufet"], "usable_with": ["polevka"]}, {"name": "prezuvky", "desc_id": 708, "aliases": ["prezuvky", "pre"], "available": true, "ts_available": false, "ts_usable": false, "hidden": false, "predefined": true, "static": false, "usable_in": ["satna"], "usable_with": []}, {"name": "dvoutisicovka", "desc_id": 709, "aliases": ["dvoutisicovka", "dvo"], "available": true, "ts_available": false, "ts_usable": false, "hidden": true, "predefined": true, "static": false, "usable_in": ["bufet", "sekretariat"], "usable_with": []}, {"name": "polevka", "desc_id": 710, "aliases": ["polevka", "pol"], "available": true, "ts_available": false, "ts_usable": true, "hidden": false, "predefined": true, "static": false, "usable_in": ["bufet"], "usable_with": ["petakova"]}], "inventory": {"items": ["isic"]}}