{
  "MOVEMENTS": {
    "101#yet_in_room": ["Již se nacházíš v dané místnosti.", "Tady už jsi..", "V místnosti {room} už jsi."],
    "102#not_existing/unreachable_room": ["Nikde \"{room}\" nevidím. Můžeš jít do {r_rooms}."],
    "103#locked_room": ["Bohužel, daná místost je zavřená..."],
    "104#changed_room": ["Právě jsi vešel do {room}."],
    "105#reachable_rooms": ["Odsud se dostaneš do {r_rooms}."]
  },
  "ERRORS": {
    "201#some_error": ["Nějaký typ erroru..."],
    "202#args_required": ["Příkaz \"{command}\" očekává argument."],
    "203#not_existing_command": ["Zadaný výraz neznám..."],
    "204#non_reachable_room": ["V téhle místnosti nejsi, abys jí mohl prohlédnout."],
    "205#non_reachable_item": ["Takový předmět tu nevidím.."],
    "206#non_existing_object": ["\"{object}\" v tomhle mnohovesmíru fakt neexistuje.", "\"{object}\".. Tohle tady fakt nenajdeš."],
    "207#picking_up_non_reachable_item": ["K tomu se nedostanu, něco by to chtělo.. Nebo ne?"],
    "208#picking_up_static_item": ["Díky, ale ne.. Tohle s sebou fakt nevezmu."],
    "209#item_already_in_inventory": ["\"{object}\" - tohle máš již u sebe"],
    "210#item_not_in_inventory": ["Tenhle předmět u sebe nemáš."],
    "211#using_item_in_wrong_room": ["Tohle tady asi nikde nepoužiješ."],
    "212#using_item_without_right_item": ["S tím teď asi nic neuděláš, možná by to ještě něco chtělo.."]
  },
  "CUTSCENES": {
    "305#propiska_a_pisemka": ["Rychle přepsat výsledek... Hop, hop.."],
    "305.1": ["Aa, sakra, kam mi ta propiska spadla? Noo, stejně už jí nepotřebuji. A teď rychle založit ten test."],
    "306#prezuvky": ["Přezul ses do přezůvek, které teda vypadají, že mají už svá nejlepší léta za sebou."],
    "307#isic_polevka": ["Píp. A teď už je to jen mezi mnou a polévkou. Asi bych si někam sednul?"],
    "308#klice": ["Přisedl sis k učitelce Michalikové se svou polévkou a ukázal si jí nějaký příklad z Petákové.\nZabrala se do čtení tak, že si jí nenápadně vzal její klíče."],
    "309#kabinet": ["Odemkl jsi kabinet a vcházíš dovnitř.\nJeště najít svou písemku a nečím přepsat výsledek."],
    "310#dvoutisicovka_bufet": ["Píp. Právě sis dobil 2000,- Kč. Pěněženka zajásala, ale svědomí?"],
    "311#dvoutisicovka_sekretariat": ["\"Dobrý den, paní sekretářko..\" odevzdal si dvoutisícovou bankovku.\nJenže najedou spatřuješ v zádech, jak Michaliková jde domů.. I se svými klíči."],
    "998#end_pisemka": ["\n  _  ______  _   _ ______ _____ \n | |/ / __ \\| \\ | |  ____/ ____|\n | ' / |  | |  \\| | |__ | |     \n |  <| |  | | . ` |  __|| |     \n | . \\ |__| | |\\  | |___| |____ \n |_|\\_\\____/|_| \\_|______\\_____|\n                                \n                                \n\n\nGratuluji, dokázal jsi to dotáhnout až sem. A rozhodně ti to zaručí vyznamenání. Já jen, jestli to vlastně všechno stálo za to, ten stres, dřina.. A to se teď ještě budeš muset vypořádat se svým svědomím. Ale komu čest, tomu čest. Tak zas někdy!"],
    "999#end_dvoutisicovka": ["\n  _  ______  _   _ ______ _____ \n | |/ / __ \\| \\ | |  ____/ ____|\n | ' / |  | |  \\| | |__ | |     \n |  <| |  | | . ` |  __|| |     \n | . \\ |__| | |\\  | |___| |____ \n |_|\\_\\____/|_| \\_|______\\_____|\n                                \n                                \n\n\nGratuluji, dohrál jsi tuto hru. A i když to je hra, stále to vypovídá o tvých morálních hodnotách, když si šel tak cennou bankovku odevzdat. Čehož by si lidé měli v dnešní době obzvláště vážit. Děkuji, že sis zahrál a věřím, že se uvidíme zase někdy, třeba v nějaké jiné hře. Čau!"]
  },
  "DIALOGUES": {

  },
  "GAME": {
    "1#default_string": ["{string}"],
    "1.1": ["\n"],
    "1.2": ["\n\n\n"],
    "501#empty_inventory": ["Inventář je prázdný."],
    "502#item_picked_up": ["Právě jsi sebral předmět - \"{object}\"", "Sebral jsi předmět - \"{object}\""],
    "503#item_placed": ["Právě jsi položil předmět - \"{object}\"", "Položil jsi předmět - \"{object}\""],
    "504#item_heading": ["Inventář:"],
    "505#game_saved": ["Hra byla uložena."],
    "507#help": ["Návod na jednoduché ovládání:\n\nHra se ovládá pomocí textových příkazů, ty jsou buď jednoslovné, dvouslovné nebo mohou být obojího typu.\nZde je seznam příkazů, které je možno ve hře používat:\n\n \"kam\" - místnosti, kam je možné jít z aktuální pozice\n \"jdi\", \"jit\" + [kam] - pohyb mezi místnostmi\n [nazev místnosti] - stejná funkce jako příkaz jdi, s tím rozdílem, že stačí napsat pouze název místnosti nebo jen první tři znaky z názvu\n \"prozkoumej\", \"pro\", \"prozkoumat\" + [co] - prozkoumá místnost nebo předmět, který je v místnosti nebo, který máš u sebe, pokud je prikaz bez argumentu (co prozkoumat), prozkoumá se daná místnost\n \"seber\", \"vezmi\", \"seb\", \"vem\" + [co] - sebere předmět z místnosti a uloží ho do inventáře, pokud je to možné\n \"poloz\", \"pol\" + [co] - opak příkazu seber; položí vybraný předmět do místnosti, ve které je postava\n \"použij\", \"pou\" + [co] - použije předmět, kterýma postava u sebe v inventáři, někdy je zapotřebí mít i jiny předmět v inventáři pro správné fungovaní příkazu\n \"sav\", \"uloz\", \"ulo\" - uloží danou fázi hry, kterou je možno načíst při znovuotevření hry\n \"konec\" - ukončí hru, tento příkaz je nutno zadat celý (v rámci zachování bezpečné hry :D)\n \"info\" - zobrazí údaje o autorovi\n \"nav\", \"navod\", \"help\", \"hel\" - zobrazí tento návod\n\nDoporučuji vždy při vstupu do místnosti ji prozkoumat pro bohatší herní zážitek. Také tím může postava objevovat nové předměty.\nHra má více konců."],
    "508#info": ["Info:\n Autor - Ladislav Reismüller\n Den zahájení práce - 30. 11. 2022\n Den ukončení práce - 11. 1. 2023\n Čas práce - ± 20 h"]
  },
  "DESCRIPTIONS_ROOMS": {
    "610#vestibul": ["Nacházíš se ve vestibulu, centru veškerého pozemního lidského ruchu."],
    "610.1": ["Nic zvláštního, docela prázdno. Céčko je očividně zavřený, ale je tu docela zima aaáá taky je tu ►zrcadlo◄.."],
    "611#satna": ["Jsi v šatně, místnosti tolika stejných skříněk, že to tu vypadá, jako kdyby architekt používal jen CTRL C, CTRL V."],
    "611.1": ["Zas to tu páchne rybinou, po tom dešti. Příště sem bude asi lepší chodit s plynovou maskou."],
    "613#acko": ["Potemnělé, podivně zapáchající áčko. Na konec chodby bych radši ani nechodil."],
    "613.1": ["Jediná otevřená místnost tu je snad fakt jen sekretariát."],
    "613.9": ["Tam bych bez přezůvek asi nelezl.."],
    "614#becko": ["Béčko v jedničce, celkem solidně dlouhá chodba, že by jeden potřeboval dalekohled, aby poznal, kdo jde z druhého konce."],
    "614.1": ["Zase tady hora Říp ze všech těch batohů naházených na jednu hromadu.. Že vždycky musí chodit na oběd v jeden čas."],
    "615#knihovna": ["Knihovna.. Knihovnice je zabraná do práce, nijak tě nevnímá."],
    "615.1": ["Docela tu je prázdno.. No jo, když v dnešní době už mají všichni ty internety.."],
    "616#studovna": ["Pěkný, ve studovně ani noha.. Ale docela potemnělo tu je."],
    "616.1": ["Asi bych se tu neměl moc dlouho zdržovat. Ale není něco na stole, nebo to je jen prach?"],
    "617#vytah": ["Super, takže výtah jede jenom do čtyřky.. Jsem si nikdy nevšiml, že je tak velký."],
    "618#c203": ["Jsi v C203.. Třídě s celoročním umělým stromkem.. No nechtěj to."],
    "618.1": ["Prostě klasická třída, i když ten stromeček je fakt přepal. Třída.. ále leží tu i nějaké ►propisky◄?"],
    "619#schody": ["Uff, schody.. Vyjít z jedničky do čtyřky vynahradí snad dvě hodiny tělocviku."],
    "619.1": ["Nic extra, prostě schody."],
    "620#kabinet": ["Michalikové kabinet, docela zaneřáděný.."],
    "620.1": ["Měli by sem někdy pozvat nějakou uklízecí četu, tohle fakt nejde.."],
    "621#bufet": ["Pěkně to tu voní. Starý dobrý bufet. Sice tu jsem dost často, ale tahle vůně neomrzí."],
    "621.1": ["Hromada malých pidižvýků. A Michaliková tu je! Sama u stolu."],
    "622#sekretariat": ["Sekretariát, hodně děsivý místo.. Aáá, že by paní sekretářka?"],
    "622.1": ["Sekretářka je zabraná do práce, co tady vlastně dělám?"]
  },
  "DESCRIPTIONS_ITEMS": {
    "701#kvetinka": ["Krásná květinka, zarostlá nejmíň pár desítek metrů do země..."],
    "702#isic": ["Můj ISIC! Snad tam mám ještě nějaké peníze, ty se vždycky hodí."],
    "703#zdcadlo": ["Největší zdrcadlo na škole.. Tady vzniklo nejvíc fotek s hashtagem #gymsolife."],
    "704#propiska": ["Docela zachovalá propiska, i když vypadá, že prošla ne jědněma rukama."],
    "705#klice": ["Velký svazek klíčů, určitě na něm bude i ten od kabinetu."],
    "705.9#not_available": ["Teď ne, sedí u nich Michaliková.. Možná bych se k ní měl nějak nenápadně dostat, když je u toho stolu sama."],
    "706#pisemka": ["Jen dopsat to minus.. a hotovo."],
    "706.9": ["Chtělo by to něco na psaní.."],
    "707#ucebnice_matematiky": ["Docela zachovalá učebnice matematiky Petáková pro SŠ a ročníky vyšších gymnázií."],
    "708#prezuvky": ["Moje přezůvky. Noo, přezůvky, spíš něco na čem se dá chodit a silná obranná technika proti Zoubkovu hněvu."],
    "709#dvoutisicovka": ["Pravá nefalšovaná dvoutisíci koruna.. Že bych si něco koupil? Nebo jí radši odevzdat."],
    "710#polevka": ["Hmmm, teplá čočková polévka.. Konzistence tak akorát, ale ta vůně...."],
    "710.9": ["Takhle k Michalikový nemůžu přijít a jen tak si k ní sednout.. Chtělo by to nějakou \"záminku\"."]
  }
}